,puesto,empresa,ciudad,fecha
0,Senior Python Developer,"Payne, Roberts and Davis","Stewartbury, AA",2021-04-08
1,Energy engineer,Vasquez-Davidson,"Christopherville, AA",2021-04-08
2,Legal executive,"Jackson, Chambers and Levy","Port Ericaburgh, AA",2021-04-08
3,Fitness centre manager,Savage-Bradley,"East Seanview, AP",2021-04-08
4,Product manager,Ramirez Inc,"North Jamieview, AP",2021-04-08
5,Medical technical officer,Rogers-Yates,"Davidville, AP",2021-04-08
6,Physiological scientist,Kramer-Klein,"South Christopher, AE",2021-04-08
7,Textile designer,Meyers-Johnson,"Port Jonathan, AE",2021-04-08
8,Television floor manager,Hughes-Williams,"Osbornetown, AE",2021-04-08
9,Waste management officer,"Jones, Williams and Villa","Scotttown, AP",2021-04-08
10,Software Engineer (Python),Garcia PLC,"Ericberg, AE",2021-04-08
11,Interpreter,Gregory and Sons,"Ramireztown, AE",2021-04-08
12,Architect,"Clark, Garcia and Sosa","Figueroaview, AA",2021-04-08
13,Meteorologist,Bush PLC,"Kelseystad, AA",2021-04-08
14,Audiological scientist,Salazar-Meyers,"Williamsburgh, AE",2021-04-08
15,English as a second language teacher,"Parker, Murphy and Brooks","Mitchellburgh, AE",2021-04-08
16,Surgeon,Cruz-Brown,"West Jessicabury, AA",2021-04-08
17,Equities trader,Macdonald-Ferguson,"Maloneshire, AE",2021-04-08
18,Newspaper journalist,"Williams, Peterson and Rojas","Johnsonton, AA",2021-04-08
19,Materials engineer,Smith and Sons,"South Davidtown, AP",2021-04-08
20,Python Programmer (Entry-Level),"Moss, Duncan and Allen","Port Sara, AE",2021-04-08
21,Product/process development scientist,Gomez-Carroll,"Marktown, AA",2021-04-08
22,"Scientist, research (maths)","Manning, Welch and Herring","Laurenland, AE",2021-04-08
23,Ecologist,"Lee, Gutierrez and Brown","Lauraton, AP",2021-04-08
24,Materials engineer,"Davis, Serrano and Cook","South Tammyberg, AP",2021-04-08
25,Historic buildings inspector/conservation officer,Smith LLC,"North Brandonville, AP",2021-04-08
26,Data scientist,Thomas Group,"Port Robertfurt, AA",2021-04-08
27,Psychiatrist,Silva-King,"Burnettbury, AE",2021-04-08
28,Structural engineer,Pierce-Long,"Herbertside, AA",2021-04-08
29,Immigration officer,Walker-Simpson,"Christopherport, AP",2021-04-08
30,Python Programmer (Entry-Level),Cooper and Sons,"West Victor, AE",2021-04-08
31,Neurosurgeon,"Donovan, Gonzalez and Figueroa","Port Aaron, AP",2021-04-08
32,Broadcast engineer,"Morgan, Butler and Bennett","Loribury, AA",2021-04-08
33,Make,Snyder-Lee,"Angelastad, AP",2021-04-08
34,"Nurse, adult",Harris PLC,"Larrytown, AE",2021-04-08
35,Air broker,Washington PLC,"West Colin, AP",2021-04-08
36,"Editor, film/video","Brown, Price and Campbell","West Stephanie, AP",2021-04-08
37,"Production assistant, radio",Mcgee PLC,"Laurentown, AP",2021-04-08
38,"Engineer, communications",Dixon Inc,"Wrightberg, AP",2021-04-08
39,Sales executive,"Thompson, Sheppard and Ward","Alberttown, AE",2021-04-08
40,Software Developer (Python),Adams-Brewer,"Brockburgh, AE",2021-04-08
41,Futures trader,Schneider-Brady,"North Jason, AE",2021-04-08
42,Tour manager,Gonzales-Frank,"Arnoldhaven, AE",2021-04-08
43,Cytogeneticist,Smith-Wong,"Lake Destiny, AP",2021-04-08
44,"Designer, multimedia",Pierce-Herrera,"South Timothyburgh, AP",2021-04-08
45,Trade union research officer,"Aguilar, Rivera and Quinn","New Jimmyton, AE",2021-04-08
46,"Chemist, analytical","Lowe, Barnes and Thomas","New Lucasbury, AP",2021-04-08
47,"Programmer, multimedia","Lewis, Gonzalez and Vasquez","Port Cory, AE",2021-04-08
48,"Engineer, broadcasting (operations)",Taylor PLC,"Gileston, AA",2021-04-08
49,"Teacher, primary school","Oliver, Jones and Ramirez","Cindyshire, AA",2021-04-08
50,Python Developer,Rivera and Sons,"East Michaelfort, AA",2021-04-08
51,Manufacturing systems engineer,Garcia PLC,"Joybury, AE",2021-04-08
52,"Producer, television/film/video","Johnson, Wells and Kramer","Emmatown, AE",2021-04-08
53,"Scientist, forensic",Gonzalez LLC,"Colehaven, AP",2021-04-08
54,Bonds trader,"Morgan, White and Macdonald","Port Coryton, AE",2021-04-08
55,Editorial assistant,Robinson-Fitzpatrick,"Amyborough, AA",2021-04-08
56,Photographer,"Waters, Wilson and Hoover","Reynoldsville, AA",2021-04-08
57,Retail banker,Hill LLC,"Port Billy, AP",2021-04-08
58,Jewellery designer,Li-Gregory,"Adamburgh, AA",2021-04-08
59,Ophthalmologist,"Fisher, Ryan and Coleman","Wilsonmouth, AA",2021-04-08
60,"Back-End Web Developer (Python, Django)",Stewart-Alexander,"South Kimberly, AA",2021-04-08
61,Licensed conveyancer,Abbott and Sons,"Benjaminland, AP",2021-04-08
62,Futures trader,"Bryant, Santana and Davenport","Zacharyport, AA",2021-04-08
63,Counselling psychologist,Smith PLC,"Port Devonville, AE",2021-04-08
64,Insurance underwriter,Patterson-Singh,"East Thomas, AE",2021-04-08
65,"Engineer, automotive",Martinez-Berry,"New Jeffrey, AP",2021-04-08
66,"Producer, radio","May, Taylor and Fisher","Davidside, AA",2021-04-08
67,Dispensing optician,"Bailey, Owen and Thompson","Jamesville, AA",2021-04-08
68,"Designer, fashion/clothing",Vasquez Ltd,"New Kelly, AP",2021-04-08
69,Chartered loss adjuster,Leblanc LLC,"Lake Antonio, AA",2021-04-08
70,"Back-End Web Developer (Python, Django)","Jackson, Ali and Mckee","New Elizabethside, AA",2021-04-08
71,Forest/woodland manager,"Blankenship, Knight and Powell","Millsbury, AE",2021-04-08
72,Clinical cytogeneticist,"Patton, Haynes and Jones","Lloydton, AP",2021-04-08
73,Print production planner,Wood Inc,"Port Jeremy, AA",2021-04-08
74,Systems developer,Collins Group,"New Elizabethtown, AA",2021-04-08
75,Graphic designer,Flores-Nelson,"Charlesstad, AE",2021-04-08
76,Writer,"Mitchell, Jones and Olson","Josephbury, AE",2021-04-08
77,Field seismologist,Howard Group,"Seanfurt, AA",2021-04-08
78,Chief Strategy Officer,Kramer-Edwards,"Williambury, AA",2021-04-08
79,Air cabin crew,Berry-Houston,"South Jorgeside, AP",2021-04-08
80,Python Programmer (Entry-Level),Mathews Inc,"Robertborough, AP",2021-04-08
81,Warden/ranger,Riley-Johnson,"South Saratown, AP",2021-04-08
82,Sports therapist,Spencer and Sons,"Hullview, AA",2021-04-08
83,Arts development officer,Camacho-Sanchez,"Philipland, AP",2021-04-08
84,Printmaker,Oliver and Sons,"North Patty, AE",2021-04-08
85,Health and safety adviser,Eaton PLC,"North Stephen, AE",2021-04-08
86,Manufacturing systems engineer,Stanley-Frederick,"Stevensland, AP",2021-04-08
87,"Programmer, applications",Bradley LLC,"Reyesstad, AE",2021-04-08
88,Medical physicist,"Parker, Goodwin and Zavala","Bellberg, AP",2021-04-08
89,Media planner,Kim-Miles,"North Johnland, AE",2021-04-08
90,Software Developer (Python),Moreno-Rodriguez,"Martinezburgh, AE",2021-04-08
91,"Surveyor, land/geomatics",Brown-Ortiz,"Joshuatown, AE",2021-04-08
92,Legal executive,Hartman PLC,"West Ericstad, AA",2021-04-08
93,"Librarian, academic",Brooks Inc,"Tuckertown, AE",2021-04-08
94,Barrister,Washington-Castillo,"Perezton, AE",2021-04-08
95,Museum/gallery exhibitions officer,"Nguyen, Yoder and Petty","Lake Abigail, AE",2021-04-08
96,"Radiographer, diagnostic",Holder LLC,"Jacobshire, AP",2021-04-08
97,Database administrator,Yates-Ferguson,"Port Susan, AE",2021-04-08
98,Furniture designer,Ortega-Lawrence,"North Tiffany, AA",2021-04-08
99,Ship broker,"Fuentes, Walls and Castro","Michelleville, AP",2021-04-08
